iter	Logloss
0	0.6333941818
1	0.5928813804
